217033.44538893166,51188.4686929841,36121.39946407434,39662.13061294316,357024.60478921595,4355.369922634582,974.8304189276191,695.0875998014088,761.171492214438,35323.18650188187,10154.411913565764,2212.0504876014393,1563.0279419300064,1719.2976197539447,7467.648537555372,35723.48366755444,7633.213200373596,5361.256784934442,5903.312168899464,4914.990205322914,36576.5707630029,8000.599058340645,5619.7396354422435,6185.079563625778,3737.374491648189,2726.634129117336,621.9414839655245,435.27470790954465,474.8469587159271,6090.318780210653,15164.364687126197,3553.174424552671,2270.0823655110257,2464.411644429151,349393.5330671012,26059.980550153945,5992.621366796625,4217.714622380937,4615.762605715627,259669.34141286285
803840.5410152302,294038.8442219517,69931.08246647209,106445.89030790103,2525272.2038362417,4160.359630087966,1029.2162779345722,1040.1914980200945,896.560559116475,43529.1844512848,9944.831669342773,2459.2333930588447,2494.0661431836347,2165.1046416732256,8331.668693687217,38961.370808248896,8450.778704856637,9365.962492028997,8067.554591965179,7669.034881396336,37894.39602216231,8949.5563687426,9310.667195344051,8096.321705493367,6401.915083031597,2798.0895229105477,661.8243319441308,691.7961875048682,593.9840605496539,4806.308644069535,13029.608109125476,3490.543091063132,3291.548226012735,2897.0058700612763,466712.202729916,27399.769076634384,6385.650539806419,6635.280278504547,5687.1357307813805,212653.85361426394
135949.6076601404,4580.1120791425465,12481.385722359024,9745.211423954703,2219707.4246581206,4178.876246860237,1001.6251076626402,1010.9651120197051,870.0736926030545,42630.74875992842,9133.6286147429,2305.873640722362,2295.432425318097,2006.198605661684,7985.276164830864,33420.39417047494,9115.90152718779,8569.323414831022,7607.918233509504,6704.656563438678,32132.30981766713,8489.057115968948,8193.4680184003,7234.639827148095,5257.660388243352,2792.6609006884805,666.3979909372583,683.6336218228729,593.4842707820267,5186.863723844822,13907.585739530197,3721.2626497783776,3458.660025081724,2892.110749014607,565246.7098597095,27317.792074245383,6394.2956044632365,6701.524331514107,5795.224173538202,206071.06563717537
100065.56961497094,6329.014641127467,16598.358963585913,13098.611868474989,2358457.64382867,4825.4414565988845,1042.6963696651069,1160.633357093913,1018.4069648012437,50567.57631857503,11025.872395079918,2059.288414897335,2306.2865725755278,1973.0594764343368,21509.538400909103,48973.13850919075,6299.487037381271,9870.16791200401,8044.175640852975,7245.110397340701,135417.48228549326,5779.187139140506,18014.269231920884,13893.133412193316,8082.686079787859,2510.132991689959,697.1054875484491,657.7389117150932,590.3088020994314,9442.37115783559,201118.91837009857,6933.817832221983,4375.022584394,3815.533398136813,460120.4598986808,29488.37038194569,6521.557147393671,6940.181935747496,6029.9471473241265,241712.78266293212
79356.08522817698,18914.783901118102,18806.981077777113,15428.036507815992,2461090.8674357873,5236.318613887918,1434.92412782869,1239.5461632645417,1044.6105689721533,46994.70162130082,9292.718254465835,2420.1873715576403,2148.8003150784702,1919.755819634238,28549.68256446438,66466.58917117205,12598.598023581133,15120.660185833387,12705.210390182838,10116.097034263745,138484.53820546815,22338.321480500723,28334.1948793493,23609.838675808678,15659.687297730745,3889.5382549298192,995.9592706640171,874.1908512999396,728.9866631674456,12888.82445820103,42085381.27816339,4971151.201780909,2006809.7697951724,1051029.3606531464,406222.4110684459,34008.27804535904,7629.726446172864,8357.822912755315,7123.61464837869,234039.14825641733
66820.4284240055,16219.589649026399,16995.423392033135,14909.765212047147,1452255.145316262,4352.766309599206,1037.9006867671296,1080.565174247778,928.7139343398618,32383.79184456201,8149.831593640776,1486.8753331080015,1865.517130355794,1567.747794026837,38343.85631939191,84125.5304639336,13096.982330875771,18433.284560626103,15244.226332628627,9693.78341119755,127013.85819862441,23960.852343917893,29253.913565144132,24688.388250386375,23194.093664443542,4030.9811231589265,639.2146915629402,897.2724410321059,739.9995355604892,14546.075563459768,12218.84301536577,3003.160940699229,3134.6964857207386,2743.9833925258295,241647.42012009994,25041.20874726535,6620.956695308346,6622.573147304323,5750.106981001069,207461.8903853165
67963.60425632959,15807.589004754262,16452.57795684325,14227.081457055805,1673037.9989204446,4275.234399200328,991.3547782041605,1038.0657190326538,895.2396107610911,36515.82744516901,8687.182101221935,1970.0097886123226,1945.1764516640078,1676.151259755226,39113.97558063103,91419.87810632256,20158.661188894326,21948.22795506034,18925.623600300867,12656.710910345908,114713.56149416916,27376.668805252386,28192.61787346682,24557.23019242962,23682.844677198864,4131.42024818346,935.7369623959626,1008.2709701774352,861.5921713186696,12148.099863704667,24548.65685781601,3100.282740242079,3182.0399551336873,2640.127296321134,183981.8549031426,26795.16630745346,6317.744777201889,6483.9495825668255,5603.344199368851,170461.09018232097
69837.27710555514,16682.445949044442,17440.324155636205,15362.285817893557,1129196.4851440424,3988.153057787408,1029.4543199966065,1016.8019024251481,891.3272926046384,28562.33854737395,7830.964388215013,1655.340222297264,1850.07020384771,1586.4878532181385,23693.45104237683,96919.76390906492,22778.134189571716,23650.96926677851,20583.207093095796,12970.209520732955,112462.31513102181,27643.75425340247,28079.410948672205,24553.340167771566,21125.025424687763,4172.81587952872,973.5225845183782,1009.8599203498995,877.247652927362,8467.910845997418,12750.651134141304,3047.392404834463,3239.315293151311,2830.906926073847,108575.00591246062,22991.87664655839,5845.439832974492,5907.879537121307,5204.078749705927,173263.42353917152
56261.44498148564,16944.331549508668,15915.888335915157,14251.313864792195,1040854.7381549819,4127.797835277598,935.1371456703176,1016.2060725024648,881.7383475638289,25339.652549996867,7027.631639153231,1937.1860154090612,1879.1845393235644,1667.0174297790845,21209.25808642705,90334.12583246136,22260.97238922782,22681.08934578292,19824.55087634775,12642.169960548443,104891.8606635599,26247.836959765693,26536.591998269203,23245.172252975914,21758.18361705218,3830.8408698654616,979.4046341595517,995.582275590787,869.484241262846,8588.879347314136,10429.518496243274,3207.985256650973,2864.9612738388546,2612.832804653029,104730.81937808155,21514.23321213602,5473.362021448856,5665.856427309101,4970.398359781565,168381.42308633425
64947.021008180694,14656.23825033558,15544.167216464024,13495.556680569298,456735.26030409464,4280.14628059517,983.5598864040643,987.7164568445718,863.2305228755719,13583.787204772969,8069.93904471112,1960.0125425558324,1956.2214758028388,1711.3699582884851,10203.945313330758,96399.73736861677,21370.40989347599,22724.987021441426,19670.37910831134,12464.723255170755,106072.2476514593,24809.74056390997,25538.977944958133,22246.429686353862,17554.401560777253,4147.108958079897,942.4482590218788,982.2012268892237,847.356772796223,4419.938974681445,10416.854323298367,2392.651244241791,2529.826871958831,2193.8708349259864,153743.9340390052,22125.748003090674,5319.253255832388,5456.618473164287,4755.647134335469,88892.79698652103
65091.628830315865,14971.881688965588,15751.413361987583,13610.2372567423,497651.519346632,3883.3670084758733,851.8185370854874,878.483516941189,760.9189921003959,14972.318437757303,7739.581079046643,1845.4211419193045,1874.701302829532,1628.4605399321417,10679.868839461806,99150.42646496744,21911.8642738578,23834.45078945237,20547.233743953286,13104.464737931687,101836.62040169137,24103.66386684105,25032.925246884355,21758.122214516992,18041.658742095184,4062.538545304666,946.7158842537077,983.1574763101248,848.5792399034395,4405.405706285073,31212.68594470058,11660.578930638094,7072.546000982513,4049.086414611072,168385.5280014218,21650.29414616337,5178.401779014611,5377.838353105792,4665.462280518543,87179.21853527226
67090.20777359884,15641.369471561136,16259.279184898456,14052.856378900386,387557.37282921973,3276.409844032673,827.0601362784327,838.807544820991,725.9107809380592,12428.54421405816,6989.0930113155655,1754.339194966431,1768.4359332861989,1533.783417573129,8737.451674380067,101522.80229167768,23017.106476132987,25083.289656046596,21562.590359932223,13724.313607330996,97951.2010665412,23615.31116544709,24633.062680445706,21365.40442066498,17540.43010810729,3745.0414737639385,941.238028214639,971.2209219560619,833.795278366912,3951.1775584025922,11226.270008153844,2561.0513120929727,2711.1135965342123,2333.767035409424,197740.01712226754,20641.37617777747,5102.541466981811,5188.897562224429,4500.648216318976,82846.50255211574
64962.69757496259,16434.070611183328,14998.710700350153,13629.738910886303,644356.1781419188,3442.6902305387184,850.0507951903196,774.0748678061103,697.0820281426687,19549.665021692374,6812.278977809186,1781.5610624076787,1555.9633545111092,1430.8992000339738,11548.311770401806,104287.04064944487,26370.495107077408,24038.305522042927,21828.876970487083,18127.519306807215,98592.81207754307,25065.616894865314,22716.877968568973,20671.556544770552,21777.737905634935,3932.5640097763035,980.8835536889326,895.1179040481994,810.5152953217009,3551.263038427761,11472.211237482381,2801.6071894814863,2622.97083516056,2351.4702446143415,238922.66505028607,21054.099836482543,5310.698438386599,4852.1132347592675,4399.165307824315,55872.62111529875
1338855.7848253392,263964.6629860968,107767.09554020337,130647.60185050034,80830.11817572957,2612.2205308953385,1151.6962371378957,646.4102606308727,668.0033847103327,7646.976606899206,8554.318292402026,2633.7919688992342,1159.0499240090153,1218.0514406877762,23737.556175547496,64470.31500427809,33375.43259731181,19833.765407228217,19817.91708066642,12224.314896995691,66718.41578034281,26311.677836011833,20648.353457449164,19106.77545254813,12415.337151953967,4953.8746846547665,2651.0942573312445,630.5385437693443,944.5366913277736,5080.507618020998,12680043.758114807,353503.1999082831,122855.15738944689,91153.921477294,359701.8612095224,11841.409268100588,7742.599983482891,3714.2213778391424,3998.223658949564,50321.501881142474
265122.8820804285,62310.630507280424,64947.21937150278,56527.664311299886,34564.528350641216,2172.5203894241054,520.3121362034033,507.01709999606953,444.57558025377125,30171.323580956552,11102.233401840931,3350.334354767185,836.465801655008,1236.4951526606403,109481.61890220037,107537.50843190502,11039.257339285228,19655.831680698706,15757.687633615917,10033.685110025823,79392.41032207654,15487.298000156921,18311.206020557802,15592.55785509667,12951.511719556454,639.2809895947022,170.55870153718385,139.65526795718648,126.57990462074098,21385.354294070752,522432.3528034567,173503.16789203187,42174.8803271896,62825.668705706565,239712.5243110085,18225.214204584943,2402.239674563349,3764.1030199568177,3092.647701727423,124150.04573470174
264776.3873972889,61927.9239802591,65130.164002212805,56565.126109022836,34969.45047912528,1724.1881474696463,407.9413092011971,434.03006476291597,381.3654327518229,24544.696345008575,2855.0075771385273,126.28856606946414,224.64665216257097,158.8612240126029,93099.52316430616,83128.84583566243,20886.99685761697,20940.872182759642,18355.64467703928,11584.995080317654,76642.43787919972,18576.40806010213,19113.428741062893,16678.78801772612,13249.19695546238,1246.8467137275097,202.96700548972967,283.51440578091973,239.78060324754134,20938.730672170623,11293.283983693036,2588.7059660355844,2798.7066082377173,2437.753628385188,240340.83654539444,18791.416759410375,3982.943575699613,4582.538911402599,3966.391785365941,144498.66682648732
264780.9986760186,61930.346097892136,65132.2942241128,56566.80068840943,34970.03788085198,1871.5285741051787,412.9031121422075,428.262278080689,376.91532041884244,26868.555985768202,3451.8985404203495,851.6882153286952,841.4817057512998,728.0835645696388,92342.90213433937,82167.25331763408,19385.794307104075,20078.19706917173,17495.888495505176,11190.671403866305,75226.78814092508,18017.33857856123,18413.510058571388,16086.513594962124,12925.371186272298,3010.1569763220427,380.3899527254276,598.5230783323071,494.42032569625025,20445.374691245852,12703.02585719416,2770.910926576659,2953.1276961283,2537.3368898392428,226886.60691916943,19875.751303180525,4420.925173150379,4837.783823828036,4204.285897083485,132232.63207274728
279555.1256326831,65764.3486881288,65504.18597286698,56788.496169017075,58331.432412989,95413.74453238978,5607.780454666723,2899.5536026097348,1855.9218421224825,45837.22178213041,166106.8710493381,21820.67694944351,6888.0540423285265,7050.421005466393,89673.48730095765,1256451.707207619,175619.06346050938,39527.659477444955,38286.468562992304,62800.17997500651,978731.7126975402,111821.19728511473,66886.41268114101,35573.1439721528,50938.511468344725,127074.29796980786,22867.947995515853,9502.160922042096,2956.8207049214334,161355.51028777738,8300896.726002585,689374.140778793,147847.28679504833,58135.780955287235,253459.97249535736,38065.981125943246,8994.18742041336,5921.420243454005,4626.583823872791,167077.21307492163
264780.9986760186,61930.346097892136,65132.2942241128,56566.80068840943,34970.03788085198,3923.6969291117616,266.74367315671043,642.2020301917383,502.34670262287176,44255.649823373235,264780.9986760186,61930.346097892136,65132.2942241128,56566.80068840943,34970.03788085198,142847.81789773182,20532.009673541954,30039.04968719081,24760.85558786062,89927.56423314288,107116.00643197745,33596.33826239938,28892.612386595338,26216.5166737958,65815.54202179928,86596.43410750403,69520.31868804645,21695.17570914105,28051.55347402024,218600.3503019011,14900.132823824355,3422.423857483399,3575.171700184571,3113.1578107254627,262468.8877198266,18603.222428268044,5480.17819599154,4978.971003682696,4466.476920118541,170297.46730809796
259830.90584846007,57777.1948807108,40797.090522098806,44933.37685511135,18117.91212857305,2750.4129903929056,616.7825221774287,420.61726527886793,472.51435753570723,45722.924444367076,259830.90584846007,57777.1948807108,40797.090522098806,44933.37685511135,18117.91212857305,111026.8256098888,26104.951197956572,17807.87030269817,19761.712297371745,91848.73599042384,94316.54596003001,23358.71964158654,15317.338173031332,17178.87538849941,57838.900822398675,8439.099403012062,2922.571159391159,720.6887553219282,1092.3646242508319,209416.72261968104,13811.124989813556,3120.8139863037463,2239.7684405294353,2443.0603015746597,275765.2128328101,17457.22100714025,4094.4366540283077,2784.253535465904,3103.5248677580435,171601.77352515855
265120.7701732704,66620.63033207749,61252.76419353479,55519.46758881168,43805.50450475309,2842.6627801935088,672.8964716686522,629.393583420149,570.9964130108757,55208.2467440851,265120.7701732704,66620.63033207749,61252.76419353479,55519.46758881168,43805.50450475309,110509.50657392963,28707.599834014854,25613.75231462381,23488.0918790022,123581.96682695572,92092.60104447184,24038.03298340158,21296.703108904392,19567.14926874073,71557.95470010079,19734.99850213579,1628.2193274509043,1884.0797874841319,1651.2328204182056,182624.17542254753,29525.106248208056,3833.027872328864,3473.5883722582093,3123.5851346515765,194340.42061218902,18477.750443282708,4487.919587442093,4172.566041242841,3776.0644521735703,127370.05027993092
264776.3873972889,61927.9239802591,65130.164002212805,56565.126109022836,34969.45047912528,2666.798312504289,674.6080848217283,666.9171416363158,584.718931689597,31658.400479950215,1012925.7175750555,333744.31656710274,82311.58296167976,123593.77314224622,147250.05929033438,90027.94958251047,28261.6366250983,24321.151817264763,22077.097874921656,14110.000825316803,84645.453802956,23010.83675591359,21801.938916967,19357.505074917997,13952.054693166016,26385.61414542786,1433.469758764954,2343.631374571108,2056.5123186147175,104709.57848402047,13595.891570127744,3211.645886850809,3350.653072940594,2956.382911929064,228620.86443434987,15815.819737303214,4641.649143516133,4187.180477885428,3755.8518915495797,124010.65179456228
265116.1881062016,66618.12460177875,61250.769480449264,55517.87015915098,43804.73581147764,3214.14932116777,750.1352867378957,716.8961971979752,632.245453418517,30126.554035145422,19202.53393979925,6431.9798990623985,4753.510258526867,4658.622773898298,89674.3635743124,87936.61534769257,23495.383179585282,20502.67484355775,18881.66413702907,15066.702935240794,79655.43883492908,21136.722888153967,18544.991745382158,17044.61189280399,15293.304790039412,7719.562796153388,2370.283419296921,1818.6487452532049,1750.7832792303636,84812.88463646352,12769.405588686657,3466.828968634477,3093.2182088243017,2843.7658258823067,232825.44732443307,17543.830697534177,4245.914642226768,3967.933775454756,3549.512698407019,146025.19193177635
264776.3873972889,61927.9239802591,65130.164002212805,56565.126109022836,34969.45047912528,3429.4748436188406,735.9829142601207,794.7788108967859,675.7860976465323,26469.291584351515,15825.419613409134,4283.228046008221,4042.169602375773,3583.9980929880726,79529.72746173415,81194.4321236896,20130.17065060071,20347.267664547668,17808.738091399307,11266.116652283548,76624.8796812051,18285.831792834913,18911.452764530964,16486.33859100028,12458.406764625595,6469.605230463211,1718.4394268220042,1608.0405910334596,1417.4475339255212,69783.06376005917,13021.519106545324,3043.3624535254944,3197.31277190787,2799.9770023972033,232515.14663630238,18432.50269178571,4063.4884399680514,4391.264550202142,3767.5500379384102,142252.63723989847
264780.9986760186,61930.346097892136,65132.2942241128,56566.80068840943,34970.03788085198,3565.615145448277,787.9196014050792,843.9856414651994,726.7628291785268,25537.463962848044,14472.534540181257,3751.112080357759,3694.8149249085204,3292.9301064134397,73118.56896938039,76441.54041807757,18904.198773663804,19149.513651124573,16744.940226968123,10681.337105760143,73273.2912806522,17766.79110717627,18246.33808524939,15905.906840291349,11988.348024217023,5723.604521722362,1442.3915168542876,1438.4382103902153,1271.9815454333734,58976.000862655375,13639.397947877895,3106.319361803803,3311.013286357258,2946.2107555917514,230352.07452104858,19294.401541705913,4301.210234324041,4624.18862957589,4033.4152526571165,137231.48159744797
264776.3873972889,61927.9239802591,65130.164002212805,56565.126109022836,34969.45047912528,3616.984808797153,837.9678525506498,889.8636516845175,767.478981955198,21161.811371066316,12958.710185343385,3373.742508855784,3322.579025753767,2912.303593272831,58945.38157594473,73339.97174203441,17853.945749884824,18190.177424990936,15909.285598744747,9966.396443838088,70065.51862771329,17153.6017631423,17414.692352577975,15243.293028343855,10732.121208340954,5426.23663655113,1324.0833286323127,1318.5372762638765,1154.4130468113176,46182.13105086546,13113.82810319351,3107.5993007431416,3279.3975930372376,2854.5426696357013,174911.6877941641,19399.03566494797,4453.8096838395295,4715.960609722167,4093.1998634811553,127648.08183893141
264776.6984779985,61928.08739702735,65130.30771750706,56565.23906392128,34969.490146849035,3933.506934896733,874.326969571691,926.4834064746277,797.0477126314337,24172.230664663763,12180.114228580524,3003.8809308871796,2997.988378849765,2618.747256673582,70231.4818552955,70794.91261018826,17060.232797899,17529.997883322067,15271.426285446221,9690.144464909363,66119.53647483465,16432.217553504666,16554.135107647428,14480.349232990724,10772.130675682347,4891.141167755457,1237.4850070883203,1236.5901345279065,1069.512987927484,54866.702444054965,13451.986320701277,3104.6304040149253,3270.723245246929,2844.243469797826,273051.93808263063,19368.645171615586,4538.394052177092,4753.682818521301,4096.9583945388795,143727.54448956242
265116.8034012216,66618.46114599668,61251.03738815533,55518.08496915192,43804.83903649282,4005.7090898104784,982.1006400050633,906.8419407603863,817.7355672358759,23735.927126294093,11663.128629720555,2983.2578875344398,2667.78471796923,2429.133918310678,69840.1675735851,68495.32959201997,17668.15670768582,15880.35102486139,14500.071108698881,11865.503581578889,62374.027477423246,16505.58888769683,14547.71024843995,13378.61662921098,12782.662552225609,4741.339809339506,1238.9020762050661,1107.2950748236856,1010.4885179165982,52952.46927475643,13820.946981004134,3355.827125548221,3134.464741635917,2821.3333683377527,301469.060624727,19248.732814289655,4946.830548960881,4506.802046211378,4092.7671800731528,148694.6623932301
264776.3873972889,61927.9239802591,65130.164002212805,56565.126109022836,34969.45047912528,4097.458618227029,935.8833499015282,996.6723742708435,859.0938150781489,27299.008426914585,10935.451576879399,2653.8313803838078,2726.8999605619765,2398.8483365683137,73188.50572308355,66766.79965264616,16000.272665769846,16537.611645877885,14397.028373206913,9520.36079089088,59608.977831125645,14652.321385706151,14904.274998230443,13025.752486314876,10272.859230205078,4505.6951890837245,1128.0384584042881,1145.8702755432207,1010.6930742697178,44452.26650734039,13739.442694284386,3172.6642556969855,3442.551925350719,3037.405227616805,210934.9890815495,19376.973446846026,4586.057182575399,4849.465630453913,4246.212721066785,114443.75696235677
265116.1881062016,66618.12460177875,61250.769480449264,55517.87015915098,43804.73581147764,4326.241975323749,1039.0395285227985,980.6918038216838,877.6774151218976,22838.95542548318,10542.887881985635,2588.842422457836,2450.5103191361923,2210.804493058014,61759.75429134536,65736.41222912024,16641.88027151816,15133.722184831504,13743.945824213497,11127.954115497396,57416.33763689926,14990.356589231475,13252.458430674305,12143.70948843704,10902.1563540787,4586.199340135932,1146.3063896391463,1057.372535738883,955.9907541960345,39934.44430723893,14408.840074455034,3385.164648553517,3272.547307896153,2954.624574625424,232481.70352835575,19777.72741529273,4882.884739219969,4576.138501601399,4122.980489281155,131094.7973244443
264777.0064203095,61928.24914082583,65130.45000754802,56565.35111170779,34969.5290056391,4421.429380007992,1004.2830851906426,1057.1991379556873,909.1693115064272,22990.673886511926,10902.116285414952,2524.481694871616,2575.31975627943,2252.042674885788,60304.28589261162,62707.14755884448,15238.182884762138,15738.302564387552,13700.118351956597,8709.944107159421,52342.002138756805,13110.92362160882,13330.70636308914,11642.981578195746,8323.21896707238,3844.591933497543,1041.311464378688,1050.1290815359962,920.899852311151,40742.596556791825,13692.031320312175,3323.1431970402487,3314.0374702257095,2926.536648200167,273774.6604031547,18638.817707107446,4592.537757596875,4747.465720851208,4124.361601952298,131150.3978372534
264777.0064203095,61928.24914082583,65130.45000754802,56565.35111170779,34969.5290056391,4277.474062917552,1023.4664286380124,1085.8357554275406,948.0022729885478,22882.74282983373,9531.082352889713,2331.5866785696508,2364.9299428278227,2057.0780031857676,57949.620091318204,62444.612939761915,14867.308705994434,15430.372050259193,13442.951205540423,8555.314484057102,53098.56904431189,12634.234317541655,13123.912247897348,11430.39610457009,8167.475032381911,4331.223721530663,1044.0506363095515,1074.7933329025793,935.111870491572,37829.612206734724,13770.229046272701,3238.4795655168464,3338.514434207902,2860.6177655878496,275968.0260690684,18929.035701945973,4515.051729164099,4714.090553886517,4102.87536315028,128072.25002761345
264776.6984779985,61928.08739702735,65130.30771750706,56565.23906392128,34969.490146849035,4347.718692036153,1027.89079235043,1085.2686853056277,948.8143919854767,21727.948999659824,9024.623153232771,2231.526184819382,2260.305342324911,1987.550564905348,48049.807021162494,61040.767665444946,14594.595595792693,15172.891647275716,13201.371088964364,8451.256822386218,52138.16032590722,12367.018551351517,12886.76467058318,11203.819335914404,7906.1407043593035,4237.663830941004,1017.8698860791216,1048.9288356102556,918.969077362363,27795.548366590847,13941.435362639275,3337.8590701754583,3378.6871979407074,2901.23764298255,125972.16881106763,18825.33441668372,4472.965194537203,4660.5497729160015,4073.2700031186973,99351.0026753673
265116.1881062016,66618.12460177875,61250.769480449264,55517.87015915098,43804.73581147764,4488.99908029366,1109.5204685431358,1016.8143796245477,915.2221865311602,22236.083537934464,8877.861420935864,2291.3869300155875,2041.998222027583,1870.1590112269264,47920.36863345291,60868.726842773576,15407.54892449493,14065.87984346449,12778.1327377984,10241.807636243506,51028.61624074138,13055.027131958032,11813.620668275058,10759.81227754062,9215.367128570486,4204.295328607179,1062.2100659578211,968.2896382311785,878.2992030625428,28141.403007693658,101272.08056249419,10110.176326297802,3844.4363922204684,2940.9391439731985,134222.7134487586,18787.28276306947,4736.765806107338,4353.914952607825,3955.1735781932057,101059.35360078416
264776.3873972889,61927.9239802591,65130.164002212805,56565.126109022836,34969.45047912528,4479.911909131277,1036.5434750883799,1077.184012731607,932.634870321528,20005.572690545712,8729.681017280362,2064.283271973666,2153.2569880361566,1891.2075621357055,36790.75817649532,60161.1399787747,14190.597742904216,14834.542573324563,12894.193191873695,8117.377062125212,50037.108426764295,11882.99217479725,12349.773186029435,10741.557714953182,7167.698708582993,4155.165784166679,988.3398062044206,1028.2573284153802,900.5232516673984,19109.86745711602,13231.50287306975,3193.6122268110494,3335.569845031733,2931.487179706858,104819.6316581905,18759.75831991476,4410.159478511065,4666.775912874784,4073.344974819206,79089.58325464104
265116.1881062016,66618.12460177875,61250.769480449264,55517.87015915098,43804.73581147764,4480.695942665897,1083.4703620599234,1025.484700981814,925.4610971303954,21997.29302386578,8539.146100593007,2156.995913005792,1958.0701468974155,1777.9266650728082,41103.83108364509,60537.86642906136,15135.526246334248,13851.792334073161,12580.63393088861,10065.487044854672,49834.42056414035,12573.519779103899,11402.16291490022,10383.019689094,8708.186884453997,4277.105398646176,1056.009400890586,966.4761316382169,879.6393087141734,20707.510929696895,52126.72513866402,7998.598732424291,3893.3632692925576,2843.6184141785675,114357.69793510041,18675.53165237876,4770.300297550827,4351.322491063343,3958.9105818094044,78648.90897444604
265120.7701732704,66620.63033207749,61252.76419353479,55519.46758881168,43805.50450475309,4372.384705545297,1106.5092819386591,1003.7904947547299,914.6936800945243,21378.81555582078,8042.863078703276,2160.009747799937,1863.792939585205,1723.5594513647395,37733.47627344824,60478.63842936568,15108.842082616158,13780.467386817849,12518.775305604493,10081.920998753963,49265.1485064724,12433.241521682974,11239.11674117305,10240.862698428578,8690.401856885866,4221.1812824494045,1046.304438347333,946.0251243203692,862.9078299728022,18787.36238806263,13774.34684882201,3311.410262853922,3059.6536644546654,2755.92162509794,114644.92643295715,18713.63529063324,4702.288443318371,4295.970456966829,3896.2711725031854,79318.66039683728
264776.3873972889,61927.9239802591,65130.164002212805,56565.126109022836,34969.45047912528,4354.371567744915,1023.9301955105866,1058.0769937414143,923.950491915203,22594.648314974114,7765.786597607926,1900.8711500121844,1951.9069746307907,1695.3704205497804,38547.91964124017,59609.402621357614,13947.722599367202,14637.58653570284,12704.31488976981,7969.199136182244,47980.77032296716,11329.059911026,11798.716554815028,10258.991919667253,6813.390285937057,4056.3004907824547,965.0067616213448,1003.3213676962795,871.6977367964574,19598.160039070644,13002.604547275017,3060.792579493043,3228.9791346140123,2790.6369396017058,105005.9792165168,18294.014276877362,4343.448897546627,4553.797867092733,3958.5652357301187,77564.60378602093
264777.0064203095,61928.24914082583,65130.45000754802,56565.35111170779,34969.5290056391,4131.207752985231,998.8596990722828,1042.2030502159553,900.3070575755592,21703.302847455543,7294.0644541833335,1803.6252821343555,1838.5171301682592,1597.0796698118907,35323.2175407227,58446.21222244116,13895.223056731287,14546.290913182309,12629.225202085632,7915.043729196037,46437.88353356252,11168.365552654093,11603.888008561527,10083.416762796523,6664.115492883338,3981.9528263244006,955.3590938489003,985.1346619985247,851.0417294808636,17837.09611293232,13872.51565487885,2974.6482168279995,3255.764472658167,2801.3883680038534,105678.59893345047,18262.970139362307,4336.353346647367,4494.058541812149,3890.884192396921,74903.25235331661
264776.6984779985,61928.08739702735,65130.30771750706,56565.23906392128,34969.490146849035,4149.194075250622,1005.3321107216316,1041.4741223757394,909.8506448277624,20388.3768230872,7111.370115083331,1755.2217597371002,1801.512068012068,1566.7638524255724,31687.790329125117,58090.76618569995,13868.64150138444,14487.164164881116,12604.13667116614,7946.685348051337,45308.15608177011,11022.16302192315,11391.867694691835,9932.328411880968,6566.554729286894,3981.7585609164244,957.3059678817267,993.6041470943886,865.2641547233162,14644.694655491,13590.547247977007,3109.0405791222684,3205.8086047386196,2762.0925854879474,107449.2528343863,17993.564883312196,4318.961331180597,4502.329190443909,3910.950706351381,68576.08554561037
264792.5617871239,61931.592688791745,65131.38073543483,56565.39509990926,34982.1528912766,4179.288467843021,988.5114980787164,1050.4463391405839,913.553837192952,21665.182248658097,8361.63450116556,1759.9165239472848,1794.9601785178845,1555.1355060733615,35371.48210318107,59185.12052938492,13774.929128263584,14499.347194559876,12580.01436215396,7915.7913628287115,45841.140926286746,10776.296792905747,11223.714397176458,9760.202979173328,6475.614216174199,4012.3665652481186,946.118520840236,996.9619024376412,863.9732816198798,17551.297425662793,85955.74450125126,4748.7442903974725,3192.974096413737,2593.133500871605,168645.74185032427,18209.339027867005,4266.546179652977,4526.398418574653,3934.327500279992,78883.40816400216
264776.3873972889,61927.9239802591,65130.164002212805,56565.126109022836,34969.45047912528,4329.1294571349745,1010.1177342492308,1080.6921114786933,949.2997912789438,30908.794843283515,33907.887594342,2207.44496151261,2098.907027754399,1680.8163708594454,43554.80070354781,59891.23854470651,13711.961490795855,14551.6075760567,12607.709484575102,8204.044349584661,45405.6311991634,10615.12464099157,11104.060854659934,9652.499161084977,6793.112738597352,4022.525121698471,936.6174958397534,993.5263404553901,861.3883887982347,20029.028412447875,397710.724470293,11895.73730290647,3641.3802977091727,2361.221967381713,1153872.098837438,17865.684981560855,4253.325021013042,4443.177926191273,3868.4317392062226,63300.34405946038
264777.0064203095,61928.24914082583,65130.45000754802,56565.35111170779,34969.5290056391,4117.460013409879,1026.8523047856877,1037.5907972497064,903.2623764694738,35945.993610652054,8883.85416411299,784.2198258650983,1582.1260472451524,1230.3411893772682,46790.26195798741,59689.697161261676,13443.027805433183,14599.559952195,12613.18333482034,8373.822038563885,48104.73465503684,10895.543894317429,11771.959594338556,10183.12768328354,6935.437541247824,3887.0092787076696,911.7343214513255,956.0594887927479,826.8946257573775,18389.296689095572,13003.173898632791,3476.907530148092,3155.869641482021,2842.0897986207615,1151193.1431732755,20057.343065527555,3805.746835992736,4376.937996719805,3674.0040698159623,71823.27930925769
264777.0064203095,61928.24914082583,65130.45000754802,56565.35111170779,34969.5290056391,4151.873049957097,964.8390213390344,1003.845674886897,861.5988063307874,34189.19203013016,7150.461416330205,1877.743454847092,1802.9275418703764,1585.0496444612083,43040.021151505236,59431.28172149983,14091.04910765415,14712.549969455207,12796.751672750439,8527.915604715865,46662.83204054461,11084.513591331588,11566.967312884994,10055.268253454988,6928.456718618457,3876.3910876448545,919.2062876509792,954.0443172578339,827.6492242793112,17877.14418608335,10428.58536514313,2638.486905335907,2757.67567229813,2470.889349707362,972542.520299714,19036.36406410685,4424.442480101782,4617.724218849005,3982.9229273133233,73724.98804957094
259835.97779179303,57779.71251802047,40798.86662551003,44935.32278005675,18118.67091394865,4504.514051311335,911.16438199343,628.6561079562616,716.8048840272988,32912.35917274807,6288.438177570878,1608.3427473200093,1041.898917554783,1199.4279117718268,41608.97508956838,58443.409881932086,13022.150272289298,9318.979406915127,10218.444688973254,4649.795250835189,44400.526584865605,10321.471256078108,7188.062047305643,7933.315419016224,3952.5463128298793,3693.971928110699,848.8838112580618,599.7218023013049,672.7365255270055,15373.418779785916,14937.223825322531,3354.8494498490095,1799.861362032542,1903.9478663469163,624087.9290329885,17673.946017953705,4161.665700423807,2873.917831123194,3206.3073183058877,60674.27140076279
264776.3873972889,61927.9239802591,65130.164002212805,56565.126109022836,34969.45047912528,4188.223806188567,972.2279554501836,1032.3916670511364,891.8944523350933,29540.28850042486,6870.297403615876,1619.7696376046247,1692.9180942560772,1463.0996315019615,38957.958615905496,61383.01616849996,14224.024721647358,15146.70772793133,13101.661890996184,8514.23653688913,45981.93676361182,10926.569938598606,11462.584076793812,9939.169050801125,7036.720299781911,3918.2037065325053,932.444323260489,972.286729924623,838.8110799602314,20090.542743371705,10696.78134425896,2390.481308497269,2609.7647427054576,2251.1251696755353,918448.4495748589,18624.801734063047,4402.844788518916,4600.527573492877,3983.2363807537463,87220.00261648328
265116.1881062016,66618.12460177875,61250.769480449264,55517.87015915098,43804.73581147764,4139.13458497852,1061.7503523948737,983.2285566175385,889.671021210826,29191.549637384815,6755.561693084306,1711.833893433404,1569.390198555914,1439.3782894478961,36494.293190079195,63581.37585388591,15667.531277564955,14468.054185095334,13083.888273163417,10807.38443679143,45726.21157365725,11691.620190567788,10472.09471097137,9573.439309231482,8462.478699746225,3968.076414192221,993.917863447994,906.9436645780994,825.7584732852322,18363.9004267629,11561.404629981409,2827.9400548855165,2571.4289442732675,2345.923418838396,1229323.810543703,18397.0575261504,4678.577083586818,4343.023837008518,3956.7680911525495,79542.47258263986
265116.1881062016,66618.12460177875,61250.769480449264,55517.87015915098,43804.73581147764,4238.796679874473,1061.0879748996388,975.2621856347623,876.9005347360676,28139.929894146284,6481.530703742248,1667.2337703878018,1495.5395526335014,1362.0306253247552,35144.82541842783,63015.43350026102,15821.604778185707,14558.340136395029,13182.402452024477,10745.716939341919,44619.566890566064,11310.261186625634,10293.172181351496,9350.709767883765,8070.9000395203075,3811.339070445531,973.440470595284,889.302241773293,803.7613268820264,17520.933141381545,13987.547572935446,2858.0279472107495,3030.8693049324215,2671.503268114438,1211328.1595129159,18136.251330094045,4642.275575748134,4237.186125667918,3852.998338150719,76093.08411755547
349529.0059245993,61465.546223563375,65085.646987421875,56920.45419987417,76937.13813009034,4212.065704613694,990.0831384488475,1038.2179101610964,895.1360032823746,29136.080306251155,8895.096072287992,1729.0397860252297,1567.3146865140093,1347.244493615602,50028.90512487227,64114.386657874355,14699.246970622773,15573.197527907692,13491.368482809856,8559.478556731607,45554.424274463636,10499.219860235433,11079.737906104325,9598.53445995554,6677.760672435728,4203.84183935081,898.9379817537306,958.0431514492583,813.7271503736974,25127.330818919745,152478.43344935228,9620.457797781863,4274.999451295256,3262.9601212177686,210661.37068995985,20219.498453443885,4375.60555759648,4562.081239948504,3893.7069812207505,127103.16272813886
264776.3873972889,61927.9239802591,65130.164002212805,56565.126109022836,34969.45047912528,4320.529180134153,989.892036316429,1042.1546439264878,907.9922788028483,29852.73257602048,36676.0477474328,1909.7796365590825,1520.2720239330774,1321.0321358731683,45343.910886135556,63720.37500443919,14911.402510988222,15659.717464529498,13601.112214852386,8697.985985679357,45985.22068135443,10759.881264574211,10966.062997202844,9570.104315084463,6526.487121647393,3786.8499984839004,914.7869194797922,948.6828941340947,831.0061486661206,19349.113531554005,140054.0514184282,10471.210157464488,3485.0009006297482,2621.286957518025,132448.6667734595,18326.609294842812,4321.558926483613,4581.557069003039,3991.228488862203,106843.81621151458
264776.3873972889,61927.9239802591,65130.164002212805,56565.126109022836,34969.45047912528,4744.175576814906,965.0109641611558,1065.4344999746008,923.4380367878039,66306.22754957646,48273.01809097692,2120.940303852859,1354.7669510815517,1165.5249668930444,107548.24073816612,579244.4093433439,105811.88306450917,40659.52426796826,25931.390757529258,25006.733612628366,1437066.8785767374,181825.5460351305,53139.39155675295,25190.71538482996,11632.491090785516,3921.64418845805,900.3416110998445,941.3240002056988,826.6872659750062,57185.218435036135,16112.274392512698,2686.723735865137,3183.9831146430365,2762.3654850122257,409803.45256144705,18568.673552454955,4349.064477205111,4563.664203428589,3989.530135169527,200498.77693967335
265120.7701732704,66620.63033207749,61252.76419353479,55519.46758881168,43805.50450475309,4588.3399077194545,1147.4827748821142,1024.9280997958256,931.3951702069721,65489.58897837035,6370.752108413051,1282.483029863622,1324.131706764123,1158.4774002798908,113064.70885749916,95416.71118387916,17543.379908596224,20021.23634061997,16942.744814233934,44937.624721300075,56083.58457160697,11406.830657944642,12078.81759633734,10450.336510371208,18985.182527991976,3923.896435414085,954.434781242492,866.0938526477437,780.4392378089898,61442.52525330106,15821.076746613242,3719.8696235590564,3451.8979271024177,3113.1836856819205,431640.67050219927,18464.771295002785,4635.186100724571,4174.722159996427,3801.9257247855917,219441.5677943688
264776.3873972889,61927.9239802591,65130.164002212805,56565.126109022836,34969.45047912528,4565.445394501489,1076.088839730414,1122.3081116318124,971.3553747059194,57567.87089663829,5358.804993809076,1447.1326284504553,1364.12222336249,1198.089676831155,101533.91208855208,96640.44369571445,21683.007965514353,23434.064792956455,20213.61772494403,39698.00476722504,55353.624544181126,12768.058304038052,13505.854634840525,11691.2380133174,16510.247422802662,3755.083878362361,903.6415360369364,940.3605672298627,810.4853838320489,52353.95525637421,15346.772649465796,3569.9161781332837,3696.5077182899754,3186.106351997132,395569.94239606796,17801.461406250186,4275.190650598894,4457.473602168996,3840.4204538814474,193978.81824981907
264776.3873972889,61927.9239802591,65130.164002212805,56565.126109022836,34969.45047912528,4680.342331348722,1073.041619571619,1142.4189460521782,995.157555717426,55489.30114924631,6638.918066734968,1373.4998454988263,1322.8822801338786,1151.8091687348995,77048.71614077027,102012.44084136475,22797.120058459037,24234.55124534956,21004.612138764634,35768.68180609459,57643.82765780722,12959.172604006457,13666.327887954096,11849.548979829086,13870.32812051881,4026.1161037420907,906.5751203076544,957.8604539377847,834.0461332087416,32380.107700715835,28266.859568948545,4191.781966241607,3856.8463456308764,3329.561594560332,1104718.906168424,24074.772312643163,4427.78094645902,4541.861008502595,3916.8967170795936,116711.72121884473
265116.1881062016,66618.12460177875,61250.769480449264,55517.87015915098,43804.73581147764,4420.271805975341,1147.101905940555,1046.0928110479133,949.8925880555737,50143.972154778945,4420.528382446548,1243.1854912076142,1041.7522061991756,965.3852765713575,49950.494921598656,94383.02501725356,24700.749944518884,22090.56483102011,20194.607506388493,32001.858414543465,55038.30268401328,14004.94023289685,12810.805887915538,11621.378558773325,12611.939387929939,3970.8359442456763,1003.5234224647162,929.1067132324412,835.6120375455521,21562.513799441225,15404.19065739413,3467.695785472421,3103.7613592201897,2827.7799850240963,2053938.2973369441,19613.74464233325,4530.350770491194,4120.4282868787795,3725.010966405385,78628.23428727369
264776.3873972889,61927.9239802591,65130.164002212805,56565.126109022836,34969.45047912528,4413.043313638097,1053.5085037009421,1089.3895655517924,944.3766255748993,48409.70082209443,4277.401504030433,1076.7975844034916,1080.651126117837,938.0618538423045,47840.66927133258,92727.26239685103,22096.05170587125,22987.81881494813,19992.268104645624,27105.846356655766,54532.853085343275,12926.384238614946,13462.579730906124,11701.517899892982,10128.562361324297,4092.2275785686784,956.6024826430294,1004.0314103056417,864.3709871741133,21695.28469268911,14884.427833068403,3289.094904104925,3215.7237372029426,2904.3368845969044,2172688.519107652,17975.89740337605,4150.76288253721,4344.362701007316,3751.9445794505336,75699.99604329222
265116.1881062016,66618.12460177875,61250.769480449264,55517.87015915098,43804.73581147764,4333.038920980287,1128.5764895027544,1048.350597144127,948.1933229633787,49209.994047786095,4334.118663235944,1126.3099109052828,991.0707545210134,906.852251209614,47959.33773591543,93540.12440362107,23498.028454961288,21513.490880557,19516.891340644772,30510.13169055105,53976.63306402538,13759.53922667452,12436.240475861616,11334.448615528221,11783.909288901761,4048.7720912583586,1042.8414960235048,938.7644500475792,851.5215313144453,22007.809701643582,14077.867176510908,3101.512697796616,2843.588616395687,2553.4734645331478,2160565.289308331,18064.749821645488,4478.661417459637,4104.022919639471,3708.7216903448198,76415.43694546446
264777.0064203095,61928.24914082583,65130.45000754802,56565.35111170779,34969.5290056391,4533.988432577387,1039.9089509488701,1097.318653324193,948.8533661938018,100785.79775099209,6474.105451837508,1164.6158593390007,1078.0447719653043,908.2274248738513,204135.641031955,92695.28159536597,21873.12803011757,22886.39993143989,19847.16180448314,61029.834887744415,52639.63321031639,12575.608020230493,13056.905164856995,11344.914161007391,18612.225503360736,3967.1414237356726,978.9410833735272,995.7895571453046,858.9536401786228,101912.91302954066,2839672.5112064932,86887.26803511154,28247.890876176967,16107.250502426105,1200127.1139224193,16951.897558816694,4160.551859214329,4299.954799792313,3707.182763265145,460035.4834038241
265115.8757380449,66617.95378534091,61250.63348979167,55517.761595032316,43804.68338833261,4693.300404617027,1152.8860558369172,1096.7944767606343,1059.300494162947,125946.19332256808,5747.2781926617,945.7360593737618,907.1337285924554,1039.532225319564,254527.46408518497,93008.6279255179,23309.11108039377,21445.914462648714,19486.484404661773,78557.25131855327,52946.20563257763,13291.724237939201,12186.512388758969,11068.224254671975,23614.694603564658,4130.79238733791,1042.4954860951627,978.0827145629057,974.4545517269156,121950.86526158555,15037.796148400204,3564.4412789448015,3347.639817381144,3680.856259126612,1189630.7522120317,17838.34149222757,4566.990598983855,4236.600038299076,4317.810363493872,531926.9773603939
264777.0064203095,61928.24914082583,65130.45000754802,56565.35111170779,34969.5290056391,4516.606361744237,1065.457228592422,1086.6456449258305,935.2335126416083,59658.54077188694,1164193.0832971733,136460.35923385332,88225.46571278565,91482.98465373303,36087.76968001818,1948152.8562976443,347986.7585729085,138872.25916017225,169373.00829542393,64267.06731694483,98367.65132288399,9486.576961968545,18082.757087893922,14413.371165644821,73167.15471497909,3280.269744785279,1619.9821787542219,615.0323270747864,736.0062768218629,236275.4824363248,1334320.516598987,178217.69063409665,98278.56203959546,107284.45688451751,43016.42100791175,17121.575056726495,4247.772388281157,4239.5136952091,3669.8725676300573,208419.72234326592
264777.0064203095,61928.24914082583,65130.45000754802,56565.35111170779,34969.5290056391,4570.407800636945,1078.972634598067,1120.0446145789565,962.3945275354159,60225.415427152395,264777.0064203095,61928.24914082583,65130.45000754802,56565.35111170779,34969.5290056391,264777.0064203095,61928.24914082583,65130.45000754802,56565.35111170779,34969.5290056391,82028.72230582555,19366.651734101262,20271.463079527846,17585.595078021626,59304.522792364616,4189.3378466105905,902.4226640023047,895.2924828339341,774.2041965574357,165110.30671291146,647384.4315388072,72695.66310091113,66000.9887294163,57028.13598270059,91231.62300908552,18328.60013084618,4203.863107350422,4351.448267009415,3751.332397851551,148339.02970150913
264777.0064203095,61928.24914082583,65130.45000754802,56565.35111170779,34969.5290056391,4752.911368850656,1079.2932890098516,1151.1629542319226,1007.722503597164,59164.166463852605,264777.0064203095,61928.24914082583,65130.45000754802,56565.35111170779,34969.5290056391,264777.0064203095,61928.24914082583,65130.45000754802,56565.35111170779,34969.5290056391,82926.33043849902,19230.093215192774,20330.521406948792,17640.565688600396,73368.95869026268,3648.5178968771675,795.5412892428812,859.9082539501004,735.6789841579745,240583.51973876447,264777.0064203095,61928.24914082583,65130.45000754802,56565.35111170779,34969.5290056391,18345.956369010684,4081.8891107227864,4472.11862193158,3870.514886591368,231856.70084967656
264776.3873972889,61927.9239802591,65130.164002212805,56565.126109022836,34969.45047912528,4641.508460766778,1080.9859049961094,1146.2806769435344,999.292187438155,54387.24991716737,264776.3873972889,61927.9239802591,65130.164002212805,56565.126109022836,34969.45047912528,264776.3873972889,61927.9239802591,65130.164002212805,56565.126109022836,34969.45047912528,82267.91895076854,19495.866448597044,20309.712030335988,17733.053146129896,77946.29825745977,7084.438856101176,1029.2809327240552,960.6941104172921,845.4674193043842,240820.6242319981,264765.405706833,61936.1721420788,65139.68954240561,56570.325536784076,35014.95379426879,18772.038679416564,4313.290940628031,4609.621536141161,4048.601019563508,247820.7814790136
264608.83514753345,57486.26808023967,67264.20063611641,57045.25469645978,32775.55539218318,4535.367551359032,1023.872056128306,1188.8660540287087,1021.3873861058607,45986.235005250775,264608.83514753345,57486.26808023967,67264.20063611641,57045.25469645978,32775.55539218318,264608.83514753345,57486.26808023967,67264.20063611641,57045.25469645978,32775.55539218318,79279.32271975621,17471.33105980297,20407.710244787067,17373.406383149384,86411.68983040075,5416.436576204207,1191.8725084176147,1454.0066806945579,1271.4811791679083,253787.35854903545,264608.83514753345,57486.26808023967,67264.20063611641,57045.25469645978,32775.55539218318,18663.35160564305,4070.049392630742,4854.179761469607,4190.001111301187,260554.0403930829
264776.3873972889,61927.9239802591,65130.164002212805,56565.126109022836,34969.45047912528,4743.788195797411,1082.2879396933445,1161.0547183390631,1022.3302820766257,47555.29480030311,264776.3873972889,61927.9239802591,65130.164002212805,56565.126109022836,34969.45047912528,264776.3873972889,61927.9239802591,65130.164002212805,56565.126109022836,34969.45047912528,79986.94461875796,18726.701244772798,19610.131995294043,17007.448638711845,83830.72235514852,5450.506544191581,1286.9882138002308,1343.6150692814979,1164.9546633562807,257302.5685560039,264776.3873972889,61927.9239802591,65130.164002212805,56565.126109022836,34969.45047912528,18805.545225863312,4394.099817869199,4697.047069475026,4094.467416419344,260309.60768065724
264776.6984779985,61928.08739702735,65130.30771750706,56565.23906392128,34969.490146849035,4793.926022334118,1070.8962107882237,1179.205211634267,1027.1430521235168,79783.23135645069,264776.6984779985,61928.08739702735,65130.30771750706,56565.23906392128,34969.490146849035,264776.6984779985,61928.08739702735,65130.30771750706,56565.23906392128,34969.490146849035,80220.36142729355,18678.00793877745,19642.291449867895,17045.48324554901,70243.87130462393,3182.0743245584995,1785.4304798826538,983.3483418168241,1018.8344970204632,206491.86732025127,950329.7088235657,322071.9135446173,77853.42765327022,117729.88543254552,2388436.218305551,16229.220189320256,4839.502337264775,4359.859855836273,3922.0091148397546,159345.229588304
265116.1881062016,66618.12460177875,61250.769480449264,55517.87015915098,43804.73581147764,5353.188922197875,1154.4878254057503,1149.1628667335528,1025.1467674187165,94811.74927398511,265116.1881062016,66618.12460177875,61250.769480449264,55517.87015915098,43804.73581147764,265116.1881062016,66618.12460177875,61250.769480449264,55517.87015915098,43804.73581147764,81030.00989780763,19965.088090001816,18655.127765628837,16844.587516433126,85014.81439555775,3386.0708437642575,769.0096652419368,775.1764354175715,696.715465569454,251565.92143036518,15470.192071158392,4982.731645874026,3867.6320356228043,3698.6941486268483,1384909.431024792,14155.41133490923,4537.880107441362,3593.6588690884146,3461.9512185065796,285441.0726823526
265119.42038218724,66619.89227430157,61252.176660513236,55518.99714733514,43805.27808063822,6235.601202829732,1662.2197466625082,1503.2741437537125,1386.0314966662545,310906.9932698064,265119.42038218724,66619.89227430157,61252.176660513236,55518.99714733514,43805.27808063822,265119.42038218724,66619.89227430157,61252.176660513236,55518.99714733514,43805.27808063822,80760.06034047538,20008.401830776224,18564.61896654608,16853.628731686287,437372.3595699513,11792.175296194006,1178.5793183163753,983.3409689355043,852.9661639707479,1570877.1959674566,21443.342841174293,4550.945482699607,4260.887753496259,4031.101881440829,3148124.512248592,16092.399828800444,3722.9435476358335,3720.4806136308293,3382.7581363880095,1429293.6472358087
264776.3873972889,61927.9239802591,65130.164002212805,56565.126109022836,34969.45047912528,5414.861935791965,1331.4906524444518,1379.3779077663694,1299.6411119627933,282657.491684979,264776.3873972889,61927.9239802591,65130.164002212805,56565.126109022836,34969.45047912528,264776.3873972889,61927.9239802591,65130.164002212805,56565.126109022836,34969.45047912528,79818.86502116152,18566.6702031183,19600.73539708165,17212.744986046248,355617.26472110115,4975.660792097474,1185.3933426759202,1472.118692929626,2318.1279001281155,1289739.090464049,1365999.4217332925,187057.82278724457,100903.71964574065,110824.52333886134,42186.787166523434,17768.84374280719,3798.6031711139167,4493.073908051187,4692.338164364861,1261275.5652931076
265120.7701732704,66620.63033207749,61252.76419353479,55519.46758881168,43805.50450475309,5447.715845390567,1361.9899866009457,1228.6626659650406,1121.431148395155,314404.583252698,265120.7701732704,66620.63033207749,61252.76419353479,55519.46758881168,43805.50450475309,265120.7701732704,66620.63033207749,61252.76419353479,55519.46758881168,43805.50450475309,78377.59065645385,19915.959665605267,18071.86034192067,16449.133794508947,414600.97140534956,3360.1248321545327,1590.7889965357738,873.3662569071577,1001.1710829949781,1477554.5266194807,1043680.4742269879,327676.18920226034,64888.88042662765,130768.61121948967,3091860.313350279,18319.16499912088,4576.707526003297,4190.727192405834,3821.9919869386517,1341164.955623897
264776.3873972889,61927.9239802591,65130.164002212805,56565.126109022836,34969.45047912528,5277.798779694649,1253.0901530809513,1372.4551251085659,1226.0484647796982,319376.19729505543,264776.3873972889,61927.9239802591,65130.164002212805,56565.126109022836,34969.45047912528,264776.3873972889,61927.9239802591,65130.164002212805,56565.126109022836,34969.45047912528,76938.2094197363,18266.371985334765,19175.67094386473,16779.402123173113,378414.16809960664,3470.8506897826437,819.9903291422459,939.0390542845902,881.9879513035654,1394302.4290913183,14498.019436059674,3615.368314886421,3780.297640327356,3452.9458938966754,2716385.7492571543,18956.794414496027,4373.262382428395,4830.073745139014,4308.838887466956,1301323.8914240284
265120.7701732704,66620.63033207749,61252.76419353479,55519.46758881168,43805.50450475309,5207.234864644839,1319.2168754856082,1241.3840418543946,1121.2835219708822,294918.1738155586,265120.7701732704,66620.63033207749,61252.76419353479,55519.46758881168,43805.50450475309,265120.7701732704,66620.63033207749,61252.76419353479,55519.46758881168,43805.50450475309,76096.07228869396,19232.114976555713,17622.6773708856,16001.71456027303,341080.8429084907,16312.013787495076,1373.2422875826837,992.8845685540132,827.660778783354,1226591.2782034862,13591.104307388725,3503.9422039508318,3196.690900372439,2937.8067325953743,2261299.6846329845,19600.446759498198,4725.837337002609,4428.276577757965,4003.76219872178,1179969.2165207146
265116.1881062016,66618.12460177875,61250.769480449264,55517.87015915098,43804.73581147764,5548.321162182524,1334.933296045461,1216.1066369625405,1093.7299303775337,248692.16986592973,265116.1881062016,66618.12460177875,61250.769480449264,55517.87015915098,43804.73581147764,265116.1881062016,66618.12460177875,61250.769480449264,55517.87015915098,43804.73581147764,75990.55877038886,19069.74325873753,17446.510988745096,15823.772574019216,247641.65068420122,21338.186283971772,1777.8404902376285,1157.5548693955618,1037.0296047722218,896443.6931848758,78394.82225409358,4892.683890697469,3724.8916364496367,3109.5140828492986,1455142.2577871245,21324.586458482183,4849.012010347261,4473.877205289034,4041.3607107886505,867207.950059363
264776.3873972889,61927.9239802591,65130.164002212805,56565.126109022836,34969.45047912528,5536.739115311724,1263.4610541523075,1354.8822818942822,1175.6787667243555,233069.4483589593,264776.3873972889,61927.9239802591,65130.164002212805,56565.126109022836,34969.45047912528,264776.3873972889,61927.9239802591,65130.164002212805,56565.126109022836,34969.45047912528,76547.88179123629,17739.147754671572,18702.802526437925,16212.212904907441,201923.37578668896,3668.564048085733,837.5715385256208,852.9017314391937,732.7588068688748,813127.0855654796,11845.26154095669,2521.046606792081,2695.548220422777,2300.8175780898437,1240642.2934159846,19412.549443342774,4403.953104481461,4653.521179484379,4016.025046540102,825284.7583634423
264779.075828399,61929.336191408845,65131.40598725792,56566.10237399812,34969.79316179213,5526.088261855905,1306.2768671866388,1439.0606456118905,1358.8345829493603,225821.7163752526,264779.075828399,61929.336191408845,65131.40598725792,56566.10237399812,34969.79316179213,264779.075828399,61929.336191408845,65131.40598725792,56566.10237399812,34969.79316179213,75152.55576193126,17771.435028953703,18685.947197915666,16284.910724819174,178542.56441083833,6319.631255008939,936.0463050765292,934.2669285604147,936.2045760991988,735827.1729269474,10676.41579800685,2635.9614472194685,2618.702253389446,2424.8018037024294,1088817.891371858,19275.564730245078,4479.685029088293,4765.124381863334,4276.524886920153,765899.3484158856
264776.6984779985,61928.08739702735,65130.30771750706,56565.23906392128,34969.490146849035,5722.587374419816,1290.990674662785,1403.421223201154,1228.3428141163033,217442.4080449109,264776.6984779985,61928.08739702735,65130.30771750706,56565.23906392128,34969.490146849035,264776.6984779985,61928.08739702735,65130.30771750706,56565.23906392128,34969.490146849035,77198.63324549928,17585.210684550315,18786.409557522788,16378.048777995755,225834.98554435946,6123.2563935416065,788.372948993207,1254.329673183396,1098.5705287580822,914832.8097157236,36095.27165342876,3438.1095301103223,2773.246222756533,2503.3106827078186,2089025.8516798583,19623.40922431827,4432.688830750813,4865.232434193425,4320.095541098736,1003204.266569683
264777.0064203095,61928.24914082583,65130.45000754802,56565.35111170779,34969.5290056391,6666.555915500412,1346.2817218032378,1520.9416506214286,1311.8863569651994,255850.15416023097,264777.0064203095,61928.24914082583,65130.45000754802,56565.35111170779,34969.5290056391,1277029.733549914,338365.9736569446,85428.52840103938,126933.56275740858,781554.8316753157,74595.94214158821,18033.869805866947,18560.19353679929,16258.119615703503,236631.37591978637,5174.658878112689,1304.4056228540662,1355.496372475033,1280.0621227154954,801073.0661073119,12653.918898766186,2580.3343276012956,3014.9479299068194,2829.8218769393793,1638873.6051924438,17951.308086214114,4740.951803704279,4655.595657825305,4204.610311425688,764972.069726671
259830.90584846007,57777.1948807108,40797.090522098806,44933.37685511135,18117.91212857305,5835.093160598877,1367.8514783200096,955.7913513790272,1041.8431586589363,48518.04240883877,259830.90584846007,57777.1948807108,40797.090522098806,44933.37685511135,18117.91212857305,333396.003825336,17935.23832431914,37155.16495627308,34787.18568228418,13923.957852438049,70282.21593469798,16611.549702648892,11266.033813622673,12538.563968769045,42533.9344694471,6684.024104211338,1342.2558778794903,998.4131528785615,1366.3408637333662,141448.4692468009,89962.81781649911,11409.472663653914,3440.969430856148,4537.342499134948,625432.1862853878,16396.61993786842,3774.708097296189,2717.332282934621,3186.311945003728,186034.15376504924
265119.1416421105,66619.73985307002,61252.055324341614,55518.899994627434,43805.23132040413,6203.3666387669855,1556.3582963168108,1460.706993201781,1314.3847964174831,48615.82112566264,265119.1416421105,66619.73985307002,61252.055324341614,55518.899994627434,43805.23132040413,265119.1416421105,66619.73985307002,61252.055324341614,55518.899994627434,43805.23132040413,71457.65289796365,18009.296527946048,16692.841504425603,15100.82830585162,51734.563793740126,5871.182634582403,1460.5733882822412,1335.3243111430888,1205.990455298523,127529.48474325848,19653.903406952897,3757.3705780539276,3340.678018737409,2957.4499631718036,566681.7109611988,18659.915286485815,4590.862479747669,4214.0499790100985,3819.478094272285,160256.2496368128
                                                                                                                                                                                                                                                                                                                                                                                                                                                                                                                                                                                                                                                                                                                                                         